{
	"IcoMoonType": "selection",
	"icons": [
		{
			"icon": {
				"paths": [
					"M959.884 128c0.040 0.034 0.082 0.076 0.116 0.116v767.77c-0.034 0.040-0.076 0.082-0.116 0.116h-895.77c-0.040-0.034-0.082-0.076-0.114-0.116v-767.772c0.034-0.040 0.076-0.082 0.114-0.114h895.77zM960 64h-896c-35.2 0-64 28.8-64 64v768c0 35.2 28.8 64 64 64h896c35.2 0 64-28.8 64-64v-768c0-35.2-28.8-64-64-64v0z",
					"M832 288c0 53.020-42.98 96-96 96s-96-42.98-96-96 42.98-96 96-96 96 42.98 96 96z",
					"M896 832h-768v-128l224-384 256 320h64l224-192z"
				],
				"attrs": [],
				"isMulticolor": false,
				"tags": [
					"image",
					"picture",
					"photo",
					"graphic"
				],
				"defaultCode": 57388,
				"grid": 16
			},
			"attrs": [],
			"properties": {
				"order": 2,
				"id": 1589,
				"prevSize": 32,
				"code": 59661,
				"ligatures": "image, picture",
				"name": "image"
			},
			"setIdx": 0,
			"iconIdx": 13
		},
		{
			"icon": {
				"paths": [
					"M1088 128h-64v-64c0-35.2-28.8-64-64-64h-896c-35.2 0-64 28.8-64 64v768c0 35.2 28.8 64 64 64h64v64c0 35.2 28.8 64 64 64h896c35.2 0 64-28.8 64-64v-768c0-35.2-28.8-64-64-64zM128 192v640h-63.886c-0.040-0.034-0.082-0.076-0.114-0.116v-767.77c0.034-0.040 0.076-0.082 0.114-0.114h895.77c0.040 0.034 0.082 0.076 0.116 0.116v63.884h-768c-35.2 0-64 28.8-64 64v0zM1088 959.884c-0.034 0.040-0.076 0.082-0.116 0.116h-895.77c-0.040-0.034-0.082-0.076-0.114-0.116v-767.77c0.034-0.040 0.076-0.082 0.114-0.114h895.77c0.040 0.034 0.082 0.076 0.116 0.116v767.768z",
					"M960 352c0 53.020-42.98 96-96 96s-96-42.98-96-96 42.98-96 96-96 96 42.98 96 96z",
					"M1024 896h-768v-128l224-384 256 320h64l224-192z"
				],
				"width": 1152,
				"attrs": [],
				"isMulticolor": false,
				"tags": [
					"images",
					"pictures",
					"photos",
					"graphics"
				],
				"defaultCode": 57390,
				"grid": 16
			},
			"attrs": [],
			"properties": {
				"id": 96,
				"order": 1,
				"prevSize": 32,
				"code": 59662,
				"ligatures": "images, pictures",
				"name": "images"
			},
			"setIdx": 0,
			"iconIdx": 14
		},
		{
			"icon": {
				"paths": [
					"M304 608c0 114.876 93.124 208 208 208s208-93.124 208-208-93.124-208-208-208-208 93.124-208 208zM960 256h-224c-16-64-32-128-96-128h-256c-64 0-80 64-96 128h-224c-35.2 0-64 28.8-64 64v576c0 35.2 28.8 64 64 64h896c35.2 0 64-28.8 64-64v-576c0-35.2-28.8-64-64-64zM512 892c-156.85 0-284-127.148-284-284 0-156.85 127.15-284 284-284 156.852 0 284 127.15 284 284 0 156.852-127.146 284-284 284zM960 448h-128v-64h128v64z"
				],
				"attrs": [],
				"isMulticolor": false,
				"tags": [
					"camera",
					"photo",
					"picture",
					"image"
				],
				"defaultCode": 57398,
				"grid": 16
			},
			"attrs": [],
			"properties": {
				"id": 108,
				"order": 3,
				"prevSize": 32,
				"code": 59663,
				"ligatures": "camera, photo",
				"name": "camera"
			},
			"setIdx": 0,
			"iconIdx": 15
		},
		{
			"icon": {
				"paths": [
					"M1024 320l-512-256-512 256 512 256 512-256zM512 148.97l342.058 171.030-342.058 171.030-342.058-171.030 342.058-171.030zM921.444 460.722l102.556 51.278-512 256-512-256 102.556-51.278 409.444 204.722zM921.444 652.722l102.556 51.278-512 256-512-256 102.556-51.278 409.444 204.722z"
				],
				"attrs": [],
				"isMulticolor": false,
				"tags": [
					"stack",
					"layers"
				],
				"defaultCode": 57494,
				"grid": 16
			},
			"attrs": [],
			"properties": {
				"id": 214,
				"order": 7,
				"prevSize": 32,
				"code": 59694,
				"ligatures": "stack, layers",
				"name": "stack"
			},
			"setIdx": 0,
			"iconIdx": 46
		},
		{
			"icon": {
				"paths": [
					"M448 128l128 128h448v704h-1024v-832z"
				],
				"attrs": [],
				"isMulticolor": false,
				"tags": [
					"folder",
					"directory",
					"category",
					"browse"
				],
				"defaultCode": 57505,
				"grid": 16
			},
			"attrs": [],
			"properties": {
				"id": 226,
				"order": 8,
				"prevSize": 32,
				"code": 59695,
				"ligatures": "folder, directory",
				"name": "folder"
			},
			"setIdx": 0,
			"iconIdx": 47
		},
		{
			"icon": {
				"paths": [
					"M832 960l192-512h-832l-192 512zM128 384l-128 576v-832h288l128 128h416v128z"
				],
				"attrs": [],
				"isMulticolor": false,
				"tags": [
					"folder-open",
					"directory",
					"category",
					"browse"
				],
				"defaultCode": 57506,
				"grid": 16
			},
			"attrs": [],
			"properties": {
				"id": 227,
				"order": 9,
				"prevSize": 32,
				"code": 59696,
				"ligatures": "folder-open, directory2",
				"name": "folder-open"
			},
			"setIdx": 0,
			"iconIdx": 48
		},
		{
			"icon": {
				"paths": [
					"M576 256l-128-128h-448v832h1024v-704h-448zM704 704h-128v128h-128v-128h-128v-128h128v-128h128v128h128v128z"
				],
				"attrs": [],
				"isMulticolor": false,
				"tags": [
					"folder-plus",
					"directory",
					"folder-add"
				],
				"defaultCode": 57509,
				"grid": 16
			},
			"attrs": [],
			"properties": {
				"id": 230,
				"order": 5,
				"prevSize": 32,
				"code": 59697,
				"ligatures": "folder-plus, directory3",
				"name": "folder-plus"
			},
			"setIdx": 0,
			"iconIdx": 49
		},
		{
			"icon": {
				"paths": [
					"M576 256l-128-128h-448v832h1024v-704h-448zM704 704h-384v-128h384v128z"
				],
				"attrs": [],
				"isMulticolor": false,
				"tags": [
					"folder-minus",
					"directory",
					"folder-remove"
				],
				"defaultCode": 57510,
				"grid": 16
			},
			"attrs": [],
			"properties": {
				"id": 231,
				"order": 6,
				"prevSize": 32,
				"code": 59698,
				"ligatures": "folder-minus, directory4",
				"name": "folder-minus"
			},
			"setIdx": 0,
			"iconIdx": 50
		},
		{
			"icon": {
				"paths": [
					"M1232 0h-384c-26.4 0-63.274 15.274-81.942 33.942l-476.116 476.116c-18.668 18.668-18.668 49.214 0 67.882l412.118 412.118c18.668 18.668 49.214 18.668 67.882 0l476.118-476.118c18.666-18.666 33.94-55.54 33.94-81.94v-384c0-26.4-21.6-48-48-48zM992 384c-53.020 0-96-42.98-96-96s42.98-96 96-96 96 42.98 96 96-42.98 96-96 96z",
					"M128 544l544-544h-80c-26.4 0-63.274 15.274-81.942 33.942l-476.116 476.116c-18.668 18.668-18.668 49.214 0 67.882l412.118 412.118c18.668 18.668 49.214 18.668 67.882 0l30.058-30.058-416-416z"
				],
				"width": 1280,
				"attrs": [],
				"isMulticolor": false,
				"tags": [
					"price-tags"
				],
				"defaultCode": 59887,
				"grid": 16
			},
			"attrs": [],
			"properties": {
				"order": 4,
				"id": 1470,
				"prevSize": 32,
				"code": 59702,
				"ligatures": "price-tags",
				"name": "price-tags"
			},
			"setIdx": 0,
			"iconIdx": 54
		},
		{
			"icon": {
				"paths": [
					"M928 128h-832c-52.8 0-96 43.2-96 96v640c0 52.8 43.2 96 96 96h832c52.8 0 96-43.2 96-96v-640c0-52.8-43.2-96-96-96zM398.74 550.372l-270.74 210.892v-501.642l270.74 290.75zM176.38 256h671.24l-335.62 252-335.62-252zM409.288 561.698l102.712 110.302 102.71-110.302 210.554 270.302h-626.528l210.552-270.302zM625.26 550.372l270.74-290.75v501.642l-270.74-210.892z"
				],
				"attrs": [],
				"isMulticolor": false,
				"tags": [
					"envelop",
					"mail",
					"email",
					"contact",
					"letter"
				],
				"defaultCode": 57583,
				"grid": 16
			},
			"attrs": [],
			"properties": {
				"id": 305,
				"order": 10,
				"prevSize": 32,
				"code": 59717,
				"ligatures": "envelop, mail",
				"name": "envelop"
			},
			"setIdx": 0,
			"iconIdx": 69
		},
		{
			"icon": {
				"paths": [
					"M658.744 749.256l-210.744-210.746v-282.51h128v229.49l173.256 173.254zM512 0c-282.77 0-512 229.23-512 512s229.23 512 512 512 512-229.23 512-512-229.23-512-512-512zM512 896c-212.078 0-384-171.922-384-384s171.922-384 384-384c212.078 0 384 171.922 384 384s-171.922 384-384 384z"
				],
				"attrs": [],
				"isMulticolor": false,
				"tags": [
					"clock",
					"time",
					"schedule"
				],
				"defaultCode": 57601,
				"grid": 16
			},
			"attrs": [],
			"properties": {
				"id": 324,
				"order": 11,
				"prevSize": 32,
				"code": 59726,
				"ligatures": "clock, time2",
				"name": "clock"
			},
			"setIdx": 0,
			"iconIdx": 78
		},
		{
			"icon": {
				"paths": [
					"M192 896h640c106.038 0 192-85.96 192-192h-1024c0 106.040 85.962 192 192 192zM832 768h64v64h-64v-64zM960 128h-896l-64 512h1024z"
				],
				"attrs": [],
				"isMulticolor": false,
				"tags": [
					"drive",
					"save",
					"hdd",
					"hard-disk"
				],
				"defaultCode": 57654,
				"grid": 16
			},
			"attrs": [],
			"properties": {
				"id": 379,
				"order": 15,
				"prevSize": 32,
				"code": 59747,
				"ligatures": "drive, save3",
				"name": "drive"
			},
			"setIdx": 0,
			"iconIdx": 99
		},
		{
			"icon": {
				"paths": [
					"M512 0c-282.77 0-512 71.634-512 160v128c0 88.366 229.23 160 512 160s512-71.634 512-160v-128c0-88.366-229.23-160-512-160z",
					"M512 544c-282.77 0-512-71.634-512-160v192c0 88.366 229.23 160 512 160s512-71.634 512-160v-192c0 88.366-229.23 160-512 160z",
					"M512 832c-282.77 0-512-71.634-512-160v192c0 88.366 229.23 160 512 160s512-71.634 512-160v-192c0 88.366-229.23 160-512 160z"
				],
				"attrs": [],
				"isMulticolor": false,
				"tags": [
					"database",
					"db",
					"server",
					"host",
					"storage",
					"save",
					"datecenter"
				],
				"defaultCode": 60048,
				"grid": 16
			},
			"attrs": [],
			"properties": {
				"id": 381,
				"order": 14,
				"prevSize": 32,
				"code": 59748,
				"ligatures": "database, db",
				"name": "database"
			},
			"setIdx": 0,
			"iconIdx": 100
		},
		{
			"icon": {
				"paths": [
					"M576 706.612v-52.78c70.498-39.728 128-138.772 128-237.832 0-159.058 0-288-192-288s-192 128.942-192 288c0 99.060 57.502 198.104 128 237.832v52.78c-217.102 17.748-384 124.42-384 253.388h896c0-128.968-166.898-235.64-384-253.388z"
				],
				"attrs": [],
				"isMulticolor": false,
				"tags": [
					"user",
					"profile",
					"avatar",
					"person",
					"member"
				],
				"defaultCode": 57733,
				"grid": 16
			},
			"attrs": [],
			"properties": {
				"order": 13,
				"id": 1628,
				"prevSize": 32,
				"code": 59761,
				"ligatures": "user, profile2",
				"name": "user"
			},
			"setIdx": 0,
			"iconIdx": 113
		},
		{
			"icon": {
				"paths": [
					"M768 770.612v-52.78c70.498-39.728 128-138.772 128-237.832 0-159.058 0-288-192-288s-192 128.942-192 288c0 99.060 57.502 198.104 128 237.832v52.78c-217.102 17.748-384 124.42-384 253.388h896c0-128.968-166.898-235.64-384-253.388z",
					"M327.196 795.328c55.31-36.15 124.080-63.636 199.788-80.414-15.054-17.784-28.708-37.622-40.492-59.020-30.414-55.234-46.492-116.058-46.492-175.894 0-86.042 0-167.31 30.6-233.762 29.706-64.504 83.128-104.496 159.222-119.488-16.914-76.48-61.94-126.75-181.822-126.75-192 0-192 128.942-192 288 0 99.060 57.502 198.104 128 237.832v52.78c-217.102 17.748-384 124.42-384 253.388h279.006c14.518-12.91 30.596-25.172 48.19-36.672z"
				],
				"width": 1152,
				"attrs": [],
				"isMulticolor": false,
				"tags": [
					"users",
					"group",
					"team",
					"members",
					"community",
					"collaborate"
				],
				"defaultCode": 58908,
				"grid": 16
			},
			"attrs": [],
			"properties": {
				"id": 476,
				"order": 12,
				"prevSize": 32,
				"code": 59762,
				"ligatures": "users, group",
				"name": "users"
			},
			"setIdx": 0,
			"iconIdx": 114
		},
		{
			"icon": {
				"paths": [
					"M384 736c0-151.234 95.874-280.486 230.032-330.2 16.28-36.538 25.968-77.164 25.968-117.8 0-159.058 0-288-192-288s-192 128.942-192 288c0 99.060 57.502 198.104 128 237.832v52.78c-217.102 17.748-384 124.42-384 253.388h397.306c-8.664-30.53-13.306-62.732-13.306-96z",
					"M736 448c-159.058 0-288 128.942-288 288s128.942 288 288 288c159.056 0 288-128.942 288-288s-128.942-288-288-288zM896 768h-128v128h-64v-128h-128v-64h128v-128h64v128h128v64z"
				],
				"width": 1024,
				"attrs": [],
				"isMulticolor": false,
				"tags": [
					"user-plus",
					"user",
					"user-add",
					"profile",
					"avatar",
					"person",
					"member"
				],
				"defaultCode": 57735,
				"grid": 16
			},
			"attrs": [],
			"properties": {
				"id": 478,
				"order": 46,
				"prevSize": 32,
				"code": 59763,
				"ligatures": "user-plus, user2",
				"name": "user-plus"
			},
			"setIdx": 0,
			"iconIdx": 115
		},
		{
			"icon": {
				"paths": [
					"M992.262 871.396l-242.552-206.294c-25.074-22.566-51.89-32.926-73.552-31.926 57.256-67.068 91.842-154.078 91.842-249.176 0-212.078-171.922-384-384-384-212.076 0-384 171.922-384 384s171.922 384 384 384c95.098 0 182.108-34.586 249.176-91.844-1 21.662 9.36 48.478 31.926 73.552l206.294 242.552c35.322 39.246 93.022 42.554 128.22 7.356s31.892-92.898-7.354-128.22zM384 640c-141.384 0-256-114.616-256-256s114.616-256 256-256 256 114.616 256 256-114.614 256-256 256z"
				],
				"attrs": [],
				"isMulticolor": false,
				"tags": [
					"search",
					"magnifier",
					"magnifying-glass",
					"inspect",
					"find"
				],
				"defaultCode": 57786,
				"grid": 16
			},
			"attrs": [],
			"properties": {
				"id": 532,
				"order": 16,
				"prevSize": 32,
				"code": 59782,
				"ligatures": "search, magnifier",
				"name": "search"
			},
			"setIdx": 0,
			"iconIdx": 134
		},
		{
			"icon": {
				"paths": [
					"M448 128v-16c0-26.4-21.6-48-48-48h-160c-26.4 0-48 21.6-48 48v16h-192v128h192v16c0 26.4 21.6 48 48 48h160c26.4 0 48-21.6 48-48v-16h576v-128h-576zM256 256v-128h128v128h-128zM832 432c0-26.4-21.6-48-48-48h-160c-26.4 0-48 21.6-48 48v16h-576v128h576v16c0 26.4 21.6 48 48 48h160c26.4 0 48-21.6 48-48v-16h192v-128h-192v-16zM640 576v-128h128v128h-128zM448 752c0-26.4-21.6-48-48-48h-160c-26.4 0-48 21.6-48 48v16h-192v128h192v16c0 26.4 21.6 48 48 48h160c26.4 0 48-21.6 48-48v-16h576v-128h-576v-16zM256 896v-128h128v128h-128z"
				],
				"attrs": [],
				"isMulticolor": false,
				"tags": [
					"equalizer",
					"sliders",
					"settings",
					"preferences",
					"dashboard",
					"control"
				],
				"defaultCode": 57819,
				"grid": 16
			},
			"attrs": [],
			"properties": {
				"id": 565,
				"order": 19,
				"prevSize": 32,
				"code": 59794,
				"ligatures": "equalizer, sliders",
				"name": "equalizer"
			},
			"setIdx": 0,
			"iconIdx": 146
		},
		{
			"icon": {
				"paths": [
					"M933.79 610.25c-53.726-93.054-21.416-212.304 72.152-266.488l-100.626-174.292c-28.75 16.854-62.176 26.518-97.846 26.518-107.536 0-194.708-87.746-194.708-195.99h-201.258c0.266 33.41-8.074 67.282-25.958 98.252-53.724 93.056-173.156 124.702-266.862 70.758l-100.624 174.292c28.97 16.472 54.050 40.588 71.886 71.478 53.638 92.908 21.512 211.92-71.708 266.224l100.626 174.292c28.65-16.696 61.916-26.254 97.4-26.254 107.196 0 194.144 87.192 194.7 194.958h201.254c-0.086-33.074 8.272-66.57 25.966-97.218 53.636-92.906 172.776-124.594 266.414-71.012l100.626-174.29c-28.78-16.466-53.692-40.498-71.434-71.228zM512 719.332c-114.508 0-207.336-92.824-207.336-207.334 0-114.508 92.826-207.334 207.336-207.334 114.508 0 207.332 92.826 207.332 207.334-0.002 114.51-92.824 207.334-207.332 207.334z"
				],
				"attrs": [],
				"isMulticolor": false,
				"tags": [
					"cog",
					"gear",
					"preferences",
					"settings",
					"generate",
					"control",
					"options"
				],
				"defaultCode": 57823,
				"grid": 16
			},
			"attrs": [],
			"properties": {
				"id": 569,
				"order": 18,
				"prevSize": 32,
				"code": 59796,
				"ligatures": "cog, gear",
				"name": "cog"
			},
			"setIdx": 0,
			"iconIdx": 148
		},
		{
			"icon": {
				"paths": [
					"M448 576v-448c-247.424 0-448 200.576-448 448s200.576 448 448 448 448-200.576 448-448c0-72.034-17.028-140.084-47.236-200.382l-400.764 200.382zM912.764 247.618c-73.552-146.816-225.374-247.618-400.764-247.618v448l400.764-200.382z"
				],
				"attrs": [],
				"isMulticolor": false,
				"tags": [
					"pie-chart",
					"stats",
					"statistics",
					"graph"
				],
				"defaultCode": 57847,
				"grid": 16
			},
			"attrs": [],
			"properties": {
				"id": 593,
				"order": 17,
				"prevSize": 32,
				"code": 59802,
				"ligatures": "pie-chart, stats",
				"name": "pie-chart"
			},
			"setIdx": 0,
			"iconIdx": 154
		},
		{
			"icon": {
				"paths": [
					"M192 1024h640l64-704h-768zM640 128v-128h-256v128h-320v192l64-64h768l64 64v-192h-320zM576 128h-128v-64h128v64z"
				],
				"attrs": [],
				"isMulticolor": false,
				"tags": [
					"bin",
					"trashcan",
					"remove",
					"delete",
					"recycle",
					"dispose"
				],
				"defaultCode": 57935,
				"grid": 16
			},
			"attrs": [],
			"properties": {
				"id": 681,
				"order": 20,
				"prevSize": 32,
				"code": 59821,
				"ligatures": "bin2, trashcan2",
				"name": "bin2"
			},
			"setIdx": 0,
			"iconIdx": 173
		},
		{
			"icon": {
				"paths": [
					"M64 192h896v192h-896zM64 448h896v192h-896zM64 704h896v192h-896z"
				],
				"attrs": [],
				"isMulticolor": false,
				"tags": [
					"menu",
					"list",
					"options",
					"lines",
					"hamburger"
				],
				"defaultCode": 58031,
				"grid": 16
			},
			"attrs": [],
			"properties": {
				"order": 41,
				"id": 1448,
				"prevSize": 32,
				"code": 59837,
				"ligatures": "menu, list3",
				"name": "menu"
			},
			"setIdx": 0,
			"iconIdx": 189
		},
		{
			"icon": {
				"paths": [
					"M891.004 360.060c-3.242-128.698-108.458-232.060-237.862-232.060-75.792 0-143.266 35.494-186.854 90.732-24.442-31.598-62.69-51.96-105.708-51.96-73.81 0-133.642 59.876-133.642 133.722 0 6.436 0.48 12.76 1.364 18.954-11.222-2.024-22.766-3.138-34.57-3.138-106.998-0.002-193.732 86.786-193.732 193.842 0 107.062 86.734 193.848 193.73 193.848h91.76l226.51 234.51 226.51-234.51 111.482-0.012c96.138-0.184 174.008-78.21 174.008-174.446 0-82.090-56.678-150.9-132.996-169.482zM512 832l-192-192h128v-192h128v192h128l-192 192z"
				],
				"attrs": [],
				"isMulticolor": false,
				"tags": [
					"cloud-download",
					"cloud",
					"save",
					"download"
				],
				"defaultCode": 58038,
				"grid": 16
			},
			"attrs": [],
			"properties": {
				"id": 788,
				"order": 47,
				"prevSize": 32,
				"code": 59842,
				"ligatures": "cloud-download, cloud2",
				"name": "cloud-download"
			},
			"setIdx": 0,
			"iconIdx": 194
		},
		{
			"icon": {
				"paths": [
					"M892.268 386.49c2.444-11.11 3.732-22.648 3.732-34.49 0-88.366-71.634-160-160-160-14.222 0-28.014 1.868-41.132 5.352-24.798-77.352-97.29-133.352-182.868-133.352-87.348 0-161.054 58.336-184.326 138.17-22.742-6.622-46.792-10.17-71.674-10.17-141.384 0-256 114.616-256 256 0 141.388 114.616 256 256 256h128v192h256v-192h224c88.366 0 160-71.632 160-160 0-78.72-56.854-144.162-131.732-157.51zM576 640v192h-128v-192h-160l224-224 224 224h-160z"
				],
				"attrs": [],
				"isMulticolor": false,
				"tags": [
					"cloud-upload",
					"cloud",
					"load",
					"upload"
				],
				"defaultCode": 58039,
				"grid": 16
			},
			"attrs": [],
			"properties": {
				"id": 789,
				"order": 31,
				"prevSize": 32,
				"code": 59843,
				"ligatures": "cloud-upload, cloud3",
				"name": "cloud-upload"
			},
			"setIdx": 0,
			"iconIdx": 195
		},
		{
			"icon": {
				"paths": [
					"M512 0c-282.77 0-512 229.23-512 512s229.23 512 512 512 512-229.23 512-512-229.23-512-512-512zM512 960.002c-62.958 0-122.872-13.012-177.23-36.452l233.148-262.29c5.206-5.858 8.082-13.422 8.082-21.26v-96c0-17.674-14.326-32-32-32-112.99 0-232.204-117.462-233.374-118.626-6-6.002-14.14-9.374-22.626-9.374h-128c-17.672 0-32 14.328-32 32v192c0 12.122 6.848 23.202 17.69 28.622l110.31 55.156v187.886c-116.052-80.956-192-215.432-192-367.664 0-68.714 15.49-133.806 43.138-192h116.862c8.488 0 16.626-3.372 22.628-9.372l128-128c6-6.002 9.372-14.14 9.372-22.628v-77.412c40.562-12.074 83.518-18.588 128-18.588 70.406 0 137.004 16.26 196.282 45.2-4.144 3.502-8.176 7.164-12.046 11.036-36.266 36.264-56.236 84.478-56.236 135.764s19.97 99.5 56.236 135.764c36.434 36.432 85.218 56.264 135.634 56.26 3.166 0 6.342-0.080 9.518-0.236 13.814 51.802 38.752 186.656-8.404 372.334-0.444 1.744-0.696 3.488-0.842 5.224-81.324 83.080-194.7 134.656-320.142 134.656z"
				],
				"attrs": [],
				"isMulticolor": false,
				"tags": [
					"earth",
					"globe",
					"language",
					"web",
					"internet",
					"sphere",
					"planet"
				],
				"defaultCode": 58055,
				"grid": 16
			},
			"attrs": [],
			"properties": {
				"order": 42,
				"id": 1423,
				"prevSize": 32,
				"code": 59850,
				"ligatures": "earth, globe2",
				"name": "earth"
			},
			"setIdx": 0,
			"iconIdx": 202
		},
		{
			"icon": {
				"paths": [
					"M440.236 635.766c-13.31 0-26.616-5.076-36.77-15.23-95.134-95.136-95.134-249.934 0-345.070l192-192c46.088-46.086 107.36-71.466 172.534-71.466s126.448 25.38 172.536 71.464c95.132 95.136 95.132 249.934 0 345.070l-87.766 87.766c-20.308 20.308-53.23 20.308-73.54 0-20.306-20.306-20.306-53.232 0-73.54l87.766-87.766c54.584-54.586 54.584-143.404 0-197.99-26.442-26.442-61.6-41.004-98.996-41.004s-72.552 14.562-98.996 41.006l-192 191.998c-54.586 54.586-54.586 143.406 0 197.992 20.308 20.306 20.306 53.232 0 73.54-10.15 10.152-23.462 15.23-36.768 15.23z",
					"M256 1012c-65.176 0-126.45-25.38-172.534-71.464-95.134-95.136-95.134-249.934 0-345.070l87.764-87.764c20.308-20.306 53.234-20.306 73.54 0 20.308 20.306 20.308 53.232 0 73.54l-87.764 87.764c-54.586 54.586-54.586 143.406 0 197.992 26.44 26.44 61.598 41.002 98.994 41.002s72.552-14.562 98.998-41.006l192-191.998c54.584-54.586 54.584-143.406 0-197.992-20.308-20.308-20.306-53.232 0-73.54 20.306-20.306 53.232-20.306 73.54 0.002 95.132 95.134 95.132 249.932 0.002 345.068l-192.002 192c-46.090 46.088-107.364 71.466-172.538 71.466z"
				],
				"attrs": [],
				"isMulticolor": false,
				"tags": [
					"link",
					"chain",
					"url",
					"uri",
					"anchor"
				],
				"defaultCode": 58061,
				"grid": 16
			},
			"attrs": [],
			"properties": {
				"order": 43,
				"id": 1557,
				"prevSize": 32,
				"code": 59851,
				"ligatures": "link, chain",
				"name": "link"
			},
			"setIdx": 0,
			"iconIdx": 203
		},
		{
			"icon": {
				"paths": [
					"M512 192c-223.318 0-416.882 130.042-512 320 95.118 189.958 288.682 320 512 320 223.312 0 416.876-130.042 512-320-95.116-189.958-288.688-320-512-320zM764.45 361.704c60.162 38.374 111.142 89.774 149.434 150.296-38.292 60.522-89.274 111.922-149.436 150.296-75.594 48.218-162.89 73.704-252.448 73.704-89.56 0-176.858-25.486-252.452-73.704-60.158-38.372-111.138-89.772-149.432-150.296 38.292-60.524 89.274-111.924 149.434-150.296 3.918-2.5 7.876-4.922 11.86-7.3-9.96 27.328-15.41 56.822-15.41 87.596 0 141.382 114.616 256 256 256 141.382 0 256-114.618 256-256 0-30.774-5.452-60.268-15.408-87.598 3.978 2.378 7.938 4.802 11.858 7.302v0zM512 416c0 53.020-42.98 96-96 96s-96-42.98-96-96 42.98-96 96-96 96 42.982 96 96z"
				],
				"attrs": [],
				"isMulticolor": false,
				"tags": [
					"eye",
					"views",
					"vision",
					"visit"
				],
				"defaultCode": 58073,
				"grid": 16
			},
			"attrs": [],
			"properties": {
				"id": 823,
				"order": 21,
				"prevSize": 32,
				"code": 59854,
				"ligatures": "eye, views",
				"name": "eye"
			},
			"setIdx": 0,
			"iconIdx": 206
		},
		{
			"icon": {
				"paths": [
					"M1024 397.050l-353.78-51.408-158.22-320.582-158.216 320.582-353.784 51.408 256 249.538-60.432 352.352 316.432-166.358 316.432 166.358-60.434-352.352 256.002-249.538z"
				],
				"attrs": [],
				"isMulticolor": false,
				"tags": [
					"star-full",
					"rate",
					"star",
					"favorite",
					"bookmark"
				],
				"defaultCode": 58113,
				"grid": 16
			},
			"attrs": [],
			"properties": {
				"id": 865,
				"order": 35,
				"prevSize": 32,
				"code": 59865,
				"ligatures": "star-full, rate3",
				"name": "star-full"
			},
			"setIdx": 0,
			"iconIdx": 217
		},
		{
			"icon": {
				"paths": [
					"M755.188 64c-107.63 0-200.258 87.554-243.164 179-42.938-91.444-135.578-179-243.216-179-148.382 0-268.808 120.44-268.808 268.832 0 301.846 304.5 380.994 512.022 679.418 196.154-296.576 511.978-387.206 511.978-679.418 0-148.392-120.43-268.832-268.812-268.832z"
				],
				"attrs": [],
				"isMulticolor": false,
				"tags": [
					"heart",
					"like",
					"love",
					"favorite"
				],
				"defaultCode": 58119,
				"grid": 16
			},
			"attrs": [],
			"properties": {
				"id": 871,
				"order": 36,
				"prevSize": 32,
				"code": 59866,
				"ligatures": "heart, like",
				"name": "heart"
			},
			"setIdx": 0,
			"iconIdx": 218
		},
		{
			"icon": {
				"paths": [
					"M992 384h-352v-352c0-17.672-14.328-32-32-32h-192c-17.672 0-32 14.328-32 32v352h-352c-17.672 0-32 14.328-32 32v192c0 17.672 14.328 32 32 32h352v352c0 17.672 14.328 32 32 32h192c17.672 0 32-14.328 32-32v-352h352c17.672 0 32-14.328 32-32v-192c0-17.672-14.328-32-32-32z"
				],
				"attrs": [],
				"isMulticolor": false,
				"tags": [
					"plus",
					"add",
					"sum"
				],
				"defaultCode": 58230,
				"grid": 16
			},
			"attrs": [],
			"properties": {
				"id": 986,
				"order": 34,
				"prevSize": 32,
				"code": 59914,
				"ligatures": "plus, add",
				"name": "plus"
			},
			"setIdx": 0,
			"iconIdx": 266
		},
		{
			"icon": {
				"paths": [
					"M1014.662 822.66c-0.004-0.004-0.008-0.008-0.012-0.010l-310.644-310.65 310.644-310.65c0.004-0.004 0.008-0.006 0.012-0.010 3.344-3.346 5.762-7.254 7.312-11.416 4.246-11.376 1.824-24.682-7.324-33.83l-146.746-146.746c-9.148-9.146-22.45-11.566-33.828-7.32-4.16 1.55-8.070 3.968-11.418 7.31 0 0.004-0.004 0.006-0.008 0.010l-310.648 310.652-310.648-310.65c-0.004-0.004-0.006-0.006-0.010-0.010-3.346-3.342-7.254-5.76-11.414-7.31-11.38-4.248-24.682-1.826-33.83 7.32l-146.748 146.748c-9.148 9.148-11.568 22.452-7.322 33.828 1.552 4.16 3.97 8.072 7.312 11.416 0.004 0.002 0.006 0.006 0.010 0.010l310.65 310.648-310.65 310.652c-0.002 0.004-0.006 0.006-0.008 0.010-3.342 3.346-5.76 7.254-7.314 11.414-4.248 11.376-1.826 24.682 7.322 33.83l146.748 146.746c9.15 9.148 22.452 11.568 33.83 7.322 4.16-1.552 8.070-3.97 11.416-7.312 0.002-0.004 0.006-0.006 0.010-0.010l310.648-310.65 310.648 310.65c0.004 0.002 0.008 0.006 0.012 0.008 3.348 3.344 7.254 5.762 11.414 7.314 11.378 4.246 24.684 1.826 33.828-7.322l146.746-146.748c9.148-9.148 11.57-22.454 7.324-33.83-1.552-4.16-3.97-8.068-7.314-11.414z"
				],
				"attrs": [],
				"isMulticolor": false,
				"tags": [
					"cross",
					"cancel",
					"close",
					"quit",
					"remove"
				],
				"defaultCode": 58219,
				"grid": 16
			},
			"attrs": [],
			"properties": {
				"id": 975,
				"order": 33,
				"prevSize": 32,
				"code": 59919,
				"ligatures": "cross, cancel",
				"name": "cross"
			},
			"setIdx": 0,
			"iconIdx": 271
		},
		{
			"icon": {
				"paths": [
					"M864 128l-480 480-224-224-160 160 384 384 640-640z"
				],
				"attrs": [],
				"isMulticolor": false,
				"tags": [
					"checkmark",
					"tick",
					"correct",
					"accept",
					"ok"
				],
				"defaultCode": 58224,
				"grid": 16
			},
			"attrs": [],
			"properties": {
				"id": 980,
				"order": 32,
				"prevSize": 32,
				"code": 59920,
				"ligatures": "checkmark, tick",
				"name": "checkmark"
			},
			"setIdx": 0,
			"iconIdx": 272
		},
		{
			"icon": {
				"paths": [
					"M384 512h-320v-128h320v-128l192 192-192 192zM1024 0v832l-384 192v-192h-384v-256h64v192h320v-576l256-128h-576v256h-64v-320z"
				],
				"attrs": [],
				"isMulticolor": false,
				"tags": [
					"enter",
					"signin",
					"login"
				],
				"defaultCode": 58237,
				"grid": 16
			},
			"attrs": [],
			"properties": {
				"id": 993,
				"order": 22,
				"prevSize": 32,
				"code": 59923,
				"ligatures": "enter, signin",
				"name": "enter"
			},
			"setIdx": 0,
			"iconIdx": 275
		},
		{
			"icon": {
				"paths": [
					"M768 640v-128h-320v-128h320v-128l192 192zM704 576v256h-320v192l-384-192v-832h704v320h-64v-256h-512l256 128v576h256v-192z"
				],
				"attrs": [],
				"isMulticolor": false,
				"tags": [
					"exit",
					"signout",
					"logout",
					"quit",
					"close"
				],
				"defaultCode": 58238,
				"grid": 16
			},
			"attrs": [],
			"properties": {
				"order": 23,
				"id": 1568,
				"prevSize": 32,
				"code": 59924,
				"ligatures": "exit, signout",
				"name": "exit"
			},
			"setIdx": 0,
			"iconIdx": 276
		},
		{
			"icon": {
				"paths": [
					"M896 0h-768c-70.4 0-128 57.6-128 128v768c0 70.4 57.6 128 128 128h768c70.4 0 128-57.6 128-128v-768c0-70.4-57.6-128-128-128zM448 794.51l-237.254-237.256 90.51-90.508 146.744 146.744 306.746-306.746 90.508 90.51-397.254 397.256z"
				],
				"attrs": [],
				"isMulticolor": false,
				"tags": [
					"checkbox-checked",
					"checkbox",
					"tick",
					"checked",
					"selected"
				],
				"defaultCode": 61033,
				"grid": 16
			},
			"attrs": [],
			"properties": {
				"id": 1195,
				"order": 30,
				"prevSize": 32,
				"code": 59986,
				"ligatures": "checkbox-checked, checkbox",
				"name": "checkbox-checked"
			},
			"setIdx": 0,
			"iconIdx": 338
		},
		{
			"icon": {
				"paths": [
					"M0 64h1024v128h-1024zM0 256h1024v128h-1024zM0 448h1024v128h-1024zM0 640h1024v128h-1024zM0 832h1024v128h-1024z"
				],
				"attrs": [],
				"isMulticolor": false,
				"tags": [
					"paragraph-justify",
					"wysiwyg",
					"justify"
				],
				"defaultCode": 58482,
				"grid": 16
			},
			"attrs": [],
			"properties": {
				"id": 1258,
				"order": 44,
				"prevSize": 32,
				"code": 60026,
				"ligatures": "paragraph-justify, wysiwyg28",
				"name": "paragraph-justify"
			},
			"setIdx": 0,
			"iconIdx": 378
		},
		{
			"icon": {
				"paths": [
					"M832 736l96 96 320-320-320-320-96 96 224 224z",
					"M448 288l-96-96-320 320 320 320 96-96-224-224z",
					"M701.298 150.519l69.468 18.944-191.987 704.026-69.468-18.944 191.987-704.026z"
				],
				"width": 1280,
				"attrs": [],
				"isMulticolor": false,
				"tags": [
					"embed",
					"code",
					"html",
					"xml"
				],
				"defaultCode": 58496,
				"grid": 16
			},
			"attrs": [],
			"properties": {
				"id": 1272,
				"order": 40,
				"prevSize": 32,
				"code": 60032,
				"ligatures": "embed2, code2",
				"name": "embed2"
			},
			"setIdx": 0,
			"iconIdx": 384
		},
		{
			"icon": {
				"paths": [
					"M864 704c-45.16 0-85.92 18.738-115.012 48.83l-431.004-215.502c1.314-8.252 2.016-16.706 2.016-25.328s-0.702-17.076-2.016-25.326l431.004-215.502c29.092 30.090 69.852 48.828 115.012 48.828 88.366 0 160-71.634 160-160s-71.634-160-160-160-160 71.634-160 160c0 8.622 0.704 17.076 2.016 25.326l-431.004 215.504c-29.092-30.090-69.852-48.83-115.012-48.83-88.366 0-160 71.636-160 160 0 88.368 71.634 160 160 160 45.16 0 85.92-18.738 115.012-48.828l431.004 215.502c-1.312 8.25-2.016 16.704-2.016 25.326 0 88.368 71.634 160 160 160s160-71.632 160-160c0-88.364-71.634-160-160-160z"
				],
				"attrs": [],
				"isMulticolor": false,
				"tags": [
					"share",
					"social"
				],
				"defaultCode": 58508,
				"grid": 16
			},
			"attrs": [],
			"properties": {
				"id": 1285,
				"order": 29,
				"prevSize": 32,
				"code": 60034,
				"ligatures": "share2, social",
				"name": "share2"
			},
			"setIdx": 0,
			"iconIdx": 386
		},
		{
			"icon": {
				"paths": [
					"M559.066 64c0 0-200.956 0-267.94 0-120.12 0-233.17 91.006-233.17 196.422 0 107.726 81.882 194.666 204.088 194.666 8.498 0 16.756-0.17 24.842-0.752-7.93 15.186-13.602 32.288-13.602 50.042 0 29.938 16.104 54.21 36.468 74.024-15.386 0-30.242 0.448-46.452 0.448-148.782-0.002-263.3 94.758-263.3 193.020 0 96.778 125.542 157.314 274.334 157.314 169.624 0 263.306-96.244 263.306-193.028 0-77.6-22.896-124.072-93.686-174.134-24.216-17.144-70.53-58.836-70.53-83.344 0-28.72 8.196-42.868 51.428-76.646 44.312-34.624 75.672-83.302 75.672-139.916 0-67.406-30.020-133.098-86.372-154.772h84.954l59.96-43.344zM465.48 719.458c2.126 8.972 3.284 18.206 3.284 27.628 0 78.2-50.392 139.31-194.974 139.31-102.842 0-177.116-65.104-177.116-143.3 0-76.642 92.126-140.444 194.964-139.332 24 0.254 46.368 4.116 66.67 10.69 55.826 38.826 95.876 60.762 107.172 105.004zM300.818 427.776c-69.038-2.064-134.636-77.226-146.552-167.86-11.916-90.666 34.37-160.042 103.388-157.99 69.010 2.074 134.638 74.814 146.558 165.458 11.906 90.66-34.39 162.458-103.394 160.392zM832 256v-192h-64v192h-192v64h192v192h64v-192h192v-64z"
				],
				"attrs": [],
				"isMulticolor": false,
				"tags": [
					"google-plus",
					"brand",
					"social"
				],
				"defaultCode": 58515,
				"grid": 16
			},
			"attrs": [],
			"properties": {
				"id": 1292,
				"order": 45,
				"prevSize": 32,
				"code": 60040,
				"ligatures": "google-plus, brand2",
				"name": "google-plus"
			},
			"setIdx": 0,
			"iconIdx": 392
		},
		{
			"icon": {
				"paths": [
					"M0.806 869.664c-0.244-2.532-0.452-5.070-0.584-7.63 0.13 2.56 0.34 5.098 0.584 7.63zM235.908 565.148c92.010 2.738 153.734-92.698 137.862-213.198-15.894-120.48-103.396-217.168-195.408-219.922-92.026-2.73-153.74 89.482-137.852 210 15.882 120.468 103.352 220.374 195.398 223.12zM1024 256v-85.31c0-93.88-76.782-170.69-170.658-170.69h-682.656c-92.276 0-168.012 74.232-170.564 165.926 58.362-51.386 139.324-94.316 222.874-94.316 89.304 0 357.244 0 357.244 0l-79.948 67.618h-113.268c75.13 28.804 115.156 116.124 115.156 205.722 0 75.248-41.81 139.954-100.888 185.968-57.644 44.902-68.572 63.708-68.572 101.878 0 32.578 61.746 88 94.032 110.788 94.382 66.538 124.916 128.312 124.916 231.456 0 16.428-2.042 32.83-6.066 48.96h307.742c93.874 0 170.656-76.75 170.656-170.69v-533.308h-192v191.998h-64v-192h-191.998v-64h191.998v-192h64v192h192zM185.886 765.936c21.614 0 41.422-0.59 61.936-0.59-27.146-26.334-48.626-58.6-48.626-98.38 0-23.608 7.564-46.336 18.134-66.52-10.782 0.77-21.79 0.994-33.126 0.994-74.356 0-137.506-24.076-184.204-63.854v67.242l0.006 201.73c53.44-25.374 116.888-40.622 185.88-40.622zM3.42 887.258c-1.112-5.458-1.966-11.006-2.542-16.634 0.574 5.628 1.43 11.176 2.542 16.634zM455.45 952.846c-15.058-58.806-68.454-87.964-142.888-139.568-27.072-8.732-56.894-13.874-88.894-14.208-89.618-0.964-173.108 34.942-220.216 88.372 15.92 77.706 85.034 136.558 167.234 136.558h286.444c1.816-11.128 2.696-22.632 2.696-34.432 0-12.534-1.534-24.792-4.376-36.722z"
				],
				"attrs": [],
				"isMulticolor": false,
				"tags": [
					"google-plus",
					"brand",
					"social"
				],
				"defaultCode": 58517,
				"grid": 16
			},
			"attrs": [],
			"properties": {
				"id": 1294,
				"order": 27,
				"prevSize": 32,
				"code": 60041,
				"ligatures": "google-plus2, brand3",
				"name": "google-plus2"
			},
			"setIdx": 0,
			"iconIdx": 393
		},
		{
			"icon": {
				"paths": [
					"M853.35 0h-682.702c-94.25 0-170.648 76.42-170.648 170.686v682.63c0 94.266 76.398 170.684 170.648 170.684h341.352v-448h-128v-128h128v-96c0-88.366 71.634-160 160-160h160v128h-160c-17.674 0-32 14.328-32 32v96h176l-32 128h-144v448h213.35c94.25 0 170.65-76.418 170.65-170.684v-682.63c0-94.266-76.4-170.686-170.65-170.686z"
				],
				"attrs": [],
				"isMulticolor": false,
				"tags": [
					"facebook",
					"brand",
					"social"
				],
				"defaultCode": 58521,
				"grid": 16
			},
			"attrs": [],
			"properties": {
				"id": 1298,
				"order": 26,
				"prevSize": 32,
				"code": 60045,
				"ligatures": "facebook2, brand7",
				"name": "facebook2"
			},
			"setIdx": 0,
			"iconIdx": 397
		},
		{
			"icon": {
				"paths": [
					"M854 0h-684c-93.5 0-170 76.5-170 170v684c0 93.5 76.5 170 170 170h684c93.5 0 170-76.5 170-170v-684c0-93.5-76.5-170-170-170zM327.8 448h368.4c6.988 20.058 10.8 41.59 10.8 64 0 107.524-87.476 195-195 195s-195-87.476-195-195c0-22.41 3.812-43.942 10.8-64zM896 448.050v383.95c0 35.2-28.8 64-64 64h-640c-35.2 0-64-28.8-64-64v-384h100.108c-4.642 20.602-7.108 42.016-7.108 64 0 160.458 130.542 291 291 291s291-130.542 291-291c0-21.984-2.464-43.398-7.108-64l100.108 0.050zM896 224c0 17.6-14.4 32-32 32h-64c-17.6 0-32-14.4-32-32v-64c0-17.6 14.4-32 32-32h64c17.6 0 32 14.4 32 32v64z"
				],
				"attrs": [],
				"isMulticolor": false,
				"tags": [
					"instagram",
					"brand",
					"social"
				],
				"defaultCode": 58524,
				"grid": 16
			},
			"attrs": [],
			"properties": {
				"id": 1301,
				"order": 25,
				"prevSize": 32,
				"code": 60048,
				"ligatures": "instagram, brand10",
				"name": "instagram"
			},
			"setIdx": 0,
			"iconIdx": 400
		},
		{
			"icon": {
				"paths": [
					"M1024 194.418c-37.676 16.708-78.164 28.002-120.66 33.080 43.372-26 76.686-67.17 92.372-116.23-40.596 24.078-85.556 41.56-133.41 50.98-38.32-40.83-92.922-66.34-153.346-66.34-116.022 0-210.088 94.058-210.088 210.078 0 16.466 1.858 32.5 5.44 47.878-174.6-8.764-329.402-92.4-433.018-219.506-18.084 31.028-28.446 67.116-28.446 105.618 0 72.888 37.088 137.192 93.46 174.866-34.438-1.092-66.832-10.542-95.154-26.278-0.020 0.876-0.020 1.756-0.020 2.642 0 101.788 72.418 186.696 168.522 206-17.626 4.8-36.188 7.372-55.348 7.372-13.538 0-26.698-1.32-39.528-3.772 26.736 83.46 104.32 144.206 196.252 145.896-71.9 56.35-162.486 89.934-260.916 89.934-16.958 0-33.68-0.994-50.116-2.94 92.972 59.61 203.402 94.394 322.042 94.394 386.422 0 597.736-320.124 597.736-597.744 0-9.108-0.206-18.168-0.61-27.18 41.056-29.62 76.672-66.62 104.836-108.748z"
				],
				"attrs": [],
				"isMulticolor": false,
				"tags": [
					"twitter",
					"brand",
					"tweet",
					"social"
				],
				"defaultCode": 58525,
				"grid": 16
			},
			"attrs": [],
			"properties": {
				"id": 1302,
				"order": 24,
				"prevSize": 32,
				"code": 60049,
				"ligatures": "twitter, brand11",
				"name": "twitter"
			},
			"setIdx": 0,
			"iconIdx": 401
		},
		{
			"icon": {
				"paths": [
					"M765.666 226.346c-6.882 9.804-64.486 87.23-200.556 138.228-62.704-115.206-132.206-209.85-142.782-224.012 28.776-6.936 58.798-10.64 89.674-10.64 97.23 0 186.088 36.47 253.664 96.424zM538.752 515.924c-197.352 63.796-302.372 237.678-311.042 252.522-61.116-67.842-98.374-157.576-98.374-255.858 0-3.916 0.078-7.81 0.196-11.696 16.744 0.342 202.18 2.732 393.278-54.458 10.952 21.44 21.416 43.202 31.024 64.94-5.064 1.426-10.092 2.94-15.082 4.55zM512 0c-282.77 0-512 229.23-512 512s229.23 512 512 512 512-229.23 512-512-229.23-512-512-512zM512.002 960c-247.030 0-448.002-200.97-448.002-448 0-247.028 200.972-448 448.002-448 247.032 0 447.998 200.972 447.998 448 0 247.030-200.966 448-447.998 448zM619.918 476.902c-7.946-18.66-16.482-37.198-25.388-55.428 141.484-57.762 205.61-139.964 213.676-150.878 53.292 65.116 85.566 148.052 86.412 238.372-12.618-2.668-139.13-28.328-266.458-12.316-2.682-6.552-5.426-13.134-8.242-19.75zM491.188 387.588c-178.996 47.532-336.65 46.848-353.766 46.622 24.814-118.742 104.836-217.432 211.892-267.926 10.088 13.834 78.472 108.594 141.874 221.304zM577.32 575.5c0.84-0.292 1.68-0.564 2.522-0.852 53.724 139.606 75.942 256.612 81.636 290.186-45.946 19.568-96.466 30.41-149.476 30.41-88.464 0-170.002-30.184-234.882-80.78 6.886-14.078 84.364-163.754 300.2-238.964zM651.464 556.964c119.916-19.192 225.266 12.232 238.36 16.36-17.060 106.474-78.172 198.428-164.020 256.472-3.922-23.276-24.288-135.294-74.34-272.832z"
				],
				"attrs": [],
				"isMulticolor": false,
				"tags": [
					"dribbble",
					"brand",
					"social"
				],
				"defaultCode": 58545,
				"grid": 16
			},
			"attrs": [],
			"properties": {
				"id": 1324,
				"order": 28,
				"prevSize": 32,
				"code": 60072,
				"ligatures": "dribbble3, brand31",
				"name": "dribbble3"
			},
			"setIdx": 0,
			"iconIdx": 424
		},
		{
			"icon": {
				"paths": [
					"M512.008 12.642c-282.738 0-512.008 229.218-512.008 511.998 0 226.214 146.704 418.132 350.136 485.836 25.586 4.738 34.992-11.11 34.992-24.632 0-12.204-0.48-52.542-0.696-95.324-142.448 30.976-172.504-60.41-172.504-60.41-23.282-59.176-56.848-74.916-56.848-74.916-46.452-31.778 3.51-31.124 3.51-31.124 51.4 3.61 78.476 52.766 78.476 52.766 45.672 78.27 119.776 55.64 149.004 42.558 4.588-33.086 17.852-55.68 32.506-68.464-113.73-12.942-233.276-56.85-233.276-253.032 0-55.898 20.004-101.574 52.76-137.428-5.316-12.9-22.854-64.972 4.952-135.5 0 0 43.006-13.752 140.84 52.49 40.836-11.348 84.636-17.036 128.154-17.234 43.502 0.198 87.336 5.886 128.256 17.234 97.734-66.244 140.656-52.49 140.656-52.49 27.872 70.528 10.35 122.6 5.036 135.5 32.82 35.856 52.694 81.532 52.694 137.428 0 196.654-119.778 239.95-233.79 252.624 18.364 15.89 34.724 47.046 34.724 94.812 0 68.508-0.596 123.644-0.596 140.508 0 13.628 9.222 29.594 35.172 24.566 203.322-67.776 349.842-259.626 349.842-485.768 0-282.78-229.234-511.998-511.992-511.998z"
				],
				"attrs": [],
				"isMulticolor": false,
				"tags": [
					"github",
					"brand",
					"octacat",
					"social"
				],
				"defaultCode": 61195,
				"grid": 16
			},
			"attrs": [],
			"properties": {
				"order": 39,
				"id": 1412,
				"prevSize": 32,
				"code": 60081,
				"ligatures": "github, brand40",
				"name": "github"
			},
			"setIdx": 0,
			"iconIdx": 433
		},
		{
			"icon": {
				"paths": [
					"M0 556.41c0 46.398 4.34 88.38 13.022 125.934 8.678 37.554 20.696 70.184 36.052 97.892s34.884 52.078 58.586 73.108c23.7 21.032 49.406 38.224 77.112 51.576 27.706 13.35 59.336 24.198 94.888 32.546 35.552 8.346 71.856 14.188 108.91 17.528 37.054 3.338 77.78 5.006 122.178 5.006 44.732 0 85.628-1.668 122.68-5.006 37.054-3.34 73.442-9.184 109.16-17.528s67.512-19.192 95.388-32.546c27.876-13.354 53.746-30.544 77.616-51.576 23.87-21.030 43.566-45.404 59.086-73.108s27.622-60.336 36.302-97.892c8.68-37.556 13.020-79.536 13.020-125.934 0-82.788-27.708-154.394-83.118-214.816 3.004-8.012 5.758-17.108 8.262-27.29s4.84-24.702 7.010-43.564c2.17-18.862 1.336-40.642-2.504-65.346-3.838-24.704-10.932-49.906-21.284-75.612l-7.51-1.502c-5.342-1-14.106-0.75-26.29 0.752s-26.372 4.506-42.562 9.014c-16.19 4.506-37.054 13.186-62.592 26.038s-52.494 28.958-80.87 48.32c-48.736-13.352-115.668-20.030-200.792-20.030-84.792 0-151.556 6.678-200.294 20.030-28.376-19.362-55.5-35.468-81.37-48.32s-46.484-21.532-61.84-26.038c-15.354-4.508-29.71-7.428-43.062-8.764-13.354-1.336-21.784-1.752-25.288-1.252s-6.26 1.086-8.262 1.752c-10.348 25.706-17.442 50.906-21.28 75.612-3.838 24.704-4.674 46.486-2.504 65.346s4.508 33.382 7.010 43.564c2.504 10.182 5.258 19.278 8.262 27.29-55.414 60.422-83.122 132.026-83.122 214.816zM125.684 682.094c0-48.070 21.866-92.136 65.596-132.194 13.018-12.020 28.208-21.114 45.566-27.292 17.358-6.176 36.97-9.68 58.836-10.516 21.866-0.834 42.812-0.668 62.842 0.502 20.028 1.168 44.732 2.754 74.108 4.756 29.376 2.004 54.748 3.004 76.112 3.004 21.366 0 46.736-1 76.112-3.004 29.378-2.002 54.078-3.588 74.11-4.756 20.030-1.17 40.974-1.336 62.842-0.502 21.866 0.836 41.476 4.34 58.838 10.516 17.356 6.176 32.544 15.27 45.564 27.292 43.73 39.394 65.598 83.456 65.598 132.194 0 28.712-3.59 54.162-10.768 76.364-7.178 22.2-16.358 40.81-27.542 55.83s-26.704 27.79-46.568 38.306c-19.862 10.516-39.222 18.61-58.084 24.288-18.862 5.674-43.066 10.098-72.608 13.27-29.546 3.172-55.916 5.092-79.118 5.758-23.2 0.668-52.66 1.002-88.378 1.002s-65.178-0.334-88.378-1.002c-23.2-0.666-49.574-2.586-79.116-5.758s-53.744-7.596-72.606-13.27c-18.86-5.678-38.222-13.774-58.084-24.288s-35.386-23.282-46.568-38.306c-11.182-15.022-20.364-33.63-27.54-55.83-7.178-22.202-10.766-47.656-10.766-76.364zM640 672c0-53.019 28.654-96 64-96s64 42.981 64 96c0 53.019-28.654 96-64 96s-64-42.981-64-96zM256 672c0-53.019 28.654-96 64-96s64 42.981 64 96c0 53.019-28.654 96-64 96s-64-42.981-64-96z"
				],
				"attrs": [],
				"isMulticolor": false,
				"tags": [
					"github",
					"brand",
					"octacat",
					"social"
				],
				"defaultCode": 58552,
				"grid": 16
			},
			"attrs": [],
			"properties": {
				"id": 1333,
				"order": 37,
				"prevSize": 32,
				"code": 60082,
				"ligatures": "github2, brand41",
				"name": "github2"
			},
			"setIdx": 0,
			"iconIdx": 434
		},
		{
			"icon": {
				"paths": [
					"M512 0c-282.77 0-512 229.23-512 512s229.23 512 512 512 512-229.23 512-512-229.23-512-512-512zM816.056 816.056c-39.518 39.516-85.512 70.532-136.708 92.186-13.006 5.5-26.214 10.328-39.6 14.492v-76.734c0-40.334-13.834-70-41.5-89 17.334-1.666 33.25-4 47.75-7s29.834-7.334 46-13 30.666-12.416 43.5-20.25 25.166-18 37-30.5 21.75-26.666 29.75-42.5 14.334-34.834 19-57 7-46.584 7-73.25c0-51.666-16.834-95.666-50.5-132 15.334-40 13.666-83.5-5-130.5l-12.5-1.5c-8.666-1-24.25 2.666-46.75 11s-47.75 22-75.75 41c-39.666-11-80.834-16.5-123.5-16.5-43 0-84 5.5-123 16.5-17.666-12-34.416-21.916-50.25-29.75s-28.5-13.166-38-16-18.334-4.584-26.5-5.25-13.416-0.834-15.75-0.5-4 0.666-5 1c-18.666 47.334-20.334 90.834-5 130.5-33.666 36.334-50.5 80.334-50.5 132 0 26.666 2.334 51.084 7 73.25s11 41.166 19 57 17.916 30 29.75 42.5 24.166 22.666 37 30.5 27.334 14.584 43.5 20.25 31.5 10 46 13 30.416 5.334 47.75 7c-27.334 18.666-41 48.334-41 89v78.23c-15.098-4.494-29.98-9.804-44.6-15.988-51.194-21.654-97.188-52.67-136.706-92.186-39.516-39.518-70.534-85.512-92.186-136.708-22.398-52.958-33.756-109.262-33.756-167.348s11.358-114.39 33.758-167.35c21.654-51.194 52.67-97.188 92.186-136.706s85.512-70.534 136.706-92.186c52.96-22.4 109.264-33.758 167.35-33.758s114.39 11.358 167.35 33.758c51.196 21.654 97.19 52.67 136.708 92.186 39.516 39.516 70.532 85.512 92.186 136.706 22.398 52.96 33.756 109.264 33.756 167.35s-11.358 114.39-33.758 167.35c-21.654 51.194-52.67 97.19-92.186 136.706z"
				],
				"attrs": [],
				"isMulticolor": false,
				"tags": [
					"github",
					"brand",
					"octacat",
					"social"
				],
				"defaultCode": 58554,
				"grid": 16
			},
			"attrs": [],
			"properties": {
				"id": 1335,
				"order": 38,
				"prevSize": 32,
				"code": 60084,
				"ligatures": "github4, brand43",
				"name": "github4"
			},
			"setIdx": 0,
			"iconIdx": 436
		}
	],
	"height": 1024,
	"metadata": {
		"name": "icomoon"
	},
	"preferences": {
		"showGlyphs": true,
		"showQuickUse": true,
		"showQuickUse2": true,
		"showSVGs": true,
		"fontPref": {
			"prefix": "icon-",
			"metadata": {
				"fontFamily": "icomoon"
			},
			"metrics": {
				"emSize": 1024,
				"baseline": 6.25,
				"whitespace": 50
			}
		},
		"imagePref": {
			"prefix": "icon-",
			"png": true,
			"useClassSelector": true,
			"color": 4473924,
			"bgColor": 16777215
		},
		"historySize": 100,
		"showCodes": true
	}
}